Customer_ID,Tenure_Years,Active_Products,Current_Balance,Avg_3Month_Balance,Monthly_Transactions_Current,Monthly_Transactions_Last_Month,Balance_Velocity,Transaction_Dropoff,Churn_Label,Churn_Probability
10001,13,3,8165.61,1465.36,49,11,5.5686,3.4545,0,0.0255
10002,6,2,12206.04,6003.17,7,45,2.0329,-0.8444,0,0.1447
10003,1,4,5423.8,5650.6,47,20,0.9597,1.35,0,0.0458
10004,4,1,53.24,10076.46,43,7,0.0053,5.1429,0,0.1544
10005,12,3,114.2,13230.62,25,15,0.0086,0.6667,0,0.5027
10006,4,4,7158.46,22053.41,26,46,0.3246,-0.4348,0,0.7823
10007,8,1,869.65,8251.5,15,47,0.1054,-0.6809,1,0.9208
10008,10,1,524.26,5971.39,23,45,0.0878,-0.4889,0,0.8707
10009,4,2,33672.78,1865.49,15,34,18.0407,-0.5588,0,0.2792
10010,6,1,19590.14,19606.18,4,15,0.9991,-0.7333,0,0.2347
10011,3,4,1649.07,14994.77,43,15,0.11,1.8667,0,0.275
10012,5,4,6.64,6304.72,3,36,0.0011,-0.9167,1,0.4845
10013,8,3,28416.01,8768.5,47,22,3.2403,1.1364,0,0.0137
10014,7,1,3261.81,13130.05,2,40,0.2484,-0.95,1,0.9263
10015,9,4,2056.69,2161.09,16,41,0.9513,-0.6098,0,0.2649
10016,9,2,11760.6,330.89,38,41,35.4352,-0.0732,0,0.0423
10017,13,4,1153.03,4583.98,9,22,0.2515,-0.5909,1,0.9334
10018,11,1,3074.08,10863.76,11,26,0.2829,-0.5769,0,0.9736
10019,2,1,36926.74,8000.54,46,32,4.615,0.4375,0,0.2172
10020,7,2,10201.6,14153.49,6,30,0.7207,-0.8,0,0.0551
10021,8,1,7353.82,20556.92,18,13,0.3577,0.3846,0,0.2858
10022,8,1,5073.63,8043.54,18,38,0.6307,-0.5263,1,0.6159
10023,9,2,14894.39,1730.15,18,14,8.6038,0.2857,0,0.0157
10024,2,4,1519.37,22815.79,5,16,0.0666,-0.6875,1,0.9533
10025,6,1,34215.37,10267.72,42,33,3.332,0.2727,0,0.021
10026,10,3,19741.67,16162.0,4,21,1.2214,-0.8095,0,0.0877
10027,14,1,9614.37,14635.73,34,7,0.6569,3.8571,0,0.0032
10028,9,1,438.54,41383.91,8,13,0.0106,-0.3846,1,0.7721
10029,10,2,12068.29,4199.92,23,38,2.8728,-0.3947,0,0.2646
10030,5,2,24451.21,14661.84,30,19,1.6676,0.5789,0,0.0261
10031,4,2,7435.5,5462.35,24,45,1.361,-0.4667,0,0.1809
10032,1,2,4373.04,6038.47,29,6,0.7241,3.8333,0,0.2027
10033,4,1,1281.49,3145.65,6,36,0.4073,-0.8333,0,0.5592
10034,6,3,14060.93,5059.32,6,27,2.7787,-0.7778,0,0.0797
10035,1,4,21630.13,35546.82,33,5,0.6085,5.6,0,0.2124
10036,3,3,1056.4,4153.41,4,17,0.2543,-0.7647,0,0.5969
10037,4,3,14228.94,3388.21,27,45,4.1983,-0.4,0,0.1429
10038,9,2,172.08,10500.0,32,5,0.0164,5.4,0,0.0512
10039,2,1,34129.13,3581.45,13,33,9.5268,-0.6061,1,0.9336
10040,4,1,9546.63,7695.44,12,36,1.2404,-0.6667,0,0.169
10041,14,1,8039.43,21561.96,4,33,0.3728,-0.8788,0,0.9004
10042,4,4,3509.06,3142.62,13,24,1.1162,-0.4583,0,0.158
10043,4,3,26491.92,6675.97,14,37,3.9677,-0.6216,0,0.0848
10044,8,4,3091.18,11314.38,22,47,0.2732,-0.5319,0,0.8405
10045,1,4,17611.14,9466.09,11,48,1.8602,-0.7708,0,0.6503
10046,2,3,42069.77,44134.44,37,9,0.9532,3.1111,0,0.2498
10047,10,4,15296.87,13687.1,8,22,1.1175,-0.6364,0,0.1935
10048,10,2,7318.67,16162.4,33,34,0.4528,-0.0294,0,0.4221
10049,1,3,683.58,40918.96,29,43,0.0167,-0.3256,0,0.9184
10050,11,3,6394.43,6422.2,12,31,0.9955,-0.6129,0,0.2907
10051,5,3,5767.09,5269.13,10,30,1.0943,-0.6667,0,0.1391
10052,8,3,2266.45,538.24,27,23,4.203,0.1739,0,0.0232
10053,4,1,5509.32,2443.1,39,25,2.2541,0.56,0,0.0293
10054,12,4,4427.9,3248.95,17,46,1.3625,-0.6304,0,0.1964
10055,3,4,1787.49,2432.81,28,12,0.7344,1.3333,0,0.0198
10056,8,4,5822.75,16867.38,7,39,0.3452,-0.8205,0,0.7196
10057,13,3,3048.96,9211.42,20,33,0.331,-0.3939,0,0.9065
10058,3,4,7382.75,13218.21,2,37,0.5585,-0.9459,0,0.0287
10059,1,4,357.93,20608.43,38,43,0.0174,-0.1163,0,0.2413
10060,1,3,23669.25,3148.44,34,17,7.5154,1.0,0,0.0978
10061,5,4,16948.01,4732.95,39,29,3.5801,0.3448,0,0.0208
10062,6,3,8042.61,14786.83,20,12,0.5439,0.6667,0,0.0384
10063,6,3,19092.5,5985.95,15,14,3.189,0.0714,0,0.0123
10064,7,3,32806.2,356.49,21,44,91.7682,-0.5227,0,0.457
10065,9,3,1171.21,6850.2,4,38,0.1709,-0.8947,0,0.5299
10066,5,2,9965.03,28667.27,49,35,0.3476,0.4,0,0.4555
10067,2,4,62116.13,6311.71,42,40,9.8399,0.05,0,0.2768
10068,5,4,44136.55,4846.08,43,39,9.1058,0.1026,0,0.0374
10069,10,2,9246.33,54705.26,2,44,0.169,-0.9545,1,0.5896
10070,11,4,1369.9,12407.91,40,7,0.1104,4.7143,0,0.0856
10071,11,1,8751.32,5468.44,2,34,1.6,-0.9412,0,0.1337
10072,9,2,20.67,1291.28,11,44,0.016,-0.75,0,0.6626
10073,2,1,2217.84,18605.51,5,27,0.1192,-0.8148,1,0.987
10074,2,2,31263.69,14775.1,7,40,2.1158,-0.825,0,0.4032
10075,8,2,4011.35,30599.61,19,5,0.1311,2.8,0,0.185
10076,10,2,10171.89,2939.7,20,31,3.459,-0.3548,0,0.2888
10077,10,4,3296.99,1464.99,47,9,2.249,4.2222,0,0.0164
10078,4,4,29530.92,15451.41,13,48,1.9111,-0.7292,0,0.0831
10079,7,1,13040.09,2728.77,2,14,4.777,-0.8571,1,0.6172
10080,8,1,3999.57,2324.53,40,11,1.7199,2.6364,0,0.0164
10081,12,2,15690.71,4624.55,46,34,3.3922,0.3529,0,0.0075
10082,3,2,1144.75,20367.77,43,10,0.0562,3.3,0,0.1401
10083,12,1,4981.05,9306.26,19,6,0.5352,2.1667,0,0.0318
10084,1,1,2500.24,563.22,46,27,4.4313,0.7037,0,0.063
10085,4,2,11511.48,7481.1,20,31,1.5385,-0.3548,1,0.2179
10086,6,2,1080.82,13823.38,8,34,0.0782,-0.7647,0,0.4804
10087,13,2,5058.81,9275.86,17,10,0.5453,0.7,0,0.0146
10088,10,2,3238.62,10196.21,41,21,0.3176,0.9524,0,0.3784
10089,11,1,7059.14,3055.26,2,31,2.3097,-0.9355,0,0.1025
10090,5,3,4306.26,22585.94,39,49,0.1907,-0.2041,1,0.9031
10091,12,1,12255.73,9889.97,38,31,1.2391,0.2258,0,0.0275
10092,5,1,248.84,14989.57,9,19,0.0166,-0.5263,0,0.5393
10093,7,3,10050.86,48118.42,47,29,0.2089,0.6207,0,0.4951
10094,5,3,2621.07,6707.56,13,13,0.3907,0.0,1,0.6642
10095,5,4,3129.44,25550.3,6,24,0.1225,-0.75,0,0.8155
10096,4,4,16107.17,87.69,8,34,181.612,-0.7647,0,0.225
10097,13,1,31138.04,407.74,40,16,76.1806,1.5,0,0.0406
10098,5,1,3806.02,10707.37,42,26,0.3554,0.6154,0,0.3657
10099,5,3,17533.39,4478.0,8,7,3.9146,0.1429,0,0.0186
10100,9,3,1098.05,3424.64,18,31,0.3205,-0.4194,1,0.9107
10101,5,4,10050.72,3907.69,36,48,2.5714,-0.25,0,0.3276
10102,4,4,13904.32,4599.8,18,9,3.0222,1.0,0,0.0056
10103,11,3,1695.77,15665.32,34,27,0.1082,0.2593,0,0.4051
10104,8,1,5551.3,10105.22,30,23,0.5493,0.3043,0,0.0342
10105,14,2,22321.93,18672.81,38,43,1.1954,-0.1163,0,0.0059
10106,6,3,1093.45,21277.37,34,6,0.0514,4.6667,1,0.7586
10107,6,2,182.62,22213.14,10,9,0.0082,0.1111,0,0.2375
10108,1,2,8930.27,6426.42,23,44,1.3894,-0.4773,1,0.8991
10109,2,1,5718.71,6563.1,26,24,0.8712,0.0833,0,0.4417
10110,6,1,16029.06,31287.48,18,32,0.5123,-0.4375,0,0.4917
10111,10,2,25698.84,13008.12,23,12,1.9754,0.9167,0,0.0091
10112,4,4,3554.67,1006.67,12,34,3.5276,-0.6471,0,0.0848
10113,1,1,4916.84,9375.53,34,39,0.5244,-0.1282,0,0.2537
10114,6,4,6660.62,5280.81,10,29,1.261,-0.6552,0,0.1511
10115,1,3,8871.0,52522.07,39,17,0.1689,1.2941,0,0.2934
10116,2,3,41260.72,164.99,8,10,248.5735,-0.2,0,0.3784
10117,3,2,11951.13,11366.59,28,49,1.0513,-0.4286,0,0.2344
10118,5,2,4935.56,15431.88,44,18,0.3198,1.4444,0,0.498
10119,3,3,3062.1,4091.42,29,43,0.7482,-0.3256,0,0.1639
10120,1,3,28936.4,43631.58,47,20,0.6632,1.35,0,0.0492
10121,14,2,1456.6,23553.7,27,5,0.0618,4.4,0,0.2579
10122,4,3,12739.16,29673.77,22,9,0.4293,1.4444,0,0.325
10123,3,1,25955.48,233.03,22,27,110.9066,-0.1852,0,0.7636
10124,11,1,10926.27,10124.07,15,35,1.0791,-0.5714,0,0.7393
10125,14,4,5500.07,4188.74,36,37,1.3127,-0.027,0,0.0075
10126,1,4,2218.83,22687.98,6,36,0.0978,-0.8333,1,0.9493
10127,8,2,4580.36,12023.81,16,41,0.3809,-0.6098,0,0.7937
10128,6,1,12271.45,9289.09,26,8,1.3209,2.25,0,0.0302
10129,10,2,10484.92,1460.43,3,40,7.1744,-0.925,0,0.1786
10130,1,4,26307.58,9324.16,41,24,2.8211,0.7083,0,0.0197
10131,11,1,20163.61,11992.94,45,39,1.6811,0.1538,0,0.0125
10132,3,1,16936.39,37458.9,15,22,0.4521,-0.3182,1,0.8472
10133,12,4,24241.98,10555.2,38,49,2.2965,-0.2245,0,0.3336
10134,11,2,3234.3,41081.54,35,8,0.0787,3.375,0,0.0678
10135,8,4,4612.79,39118.29,14,13,0.1179,0.0769,0,0.2628
10136,12,4,4778.65,12604.74,18,6,0.3791,2.0,1,0.5045
10137,3,3,8220.05,8460.4,7,20,0.9715,-0.65,0,0.0685
10138,10,2,11032.78,7528.8,35,46,1.4652,-0.2391,0,0.5212
10139,3,2,3378.77,26528.67,33,13,0.1274,1.5385,0,0.2723
10140,4,3,196.54,343.96,10,27,0.5697,-0.6296,0,0.1701
10141,12,1,5095.3,1449.86,35,15,3.5119,1.3333,0,0.0113
10142,4,4,3689.33,1291.98,2,49,2.8534,-0.9592,0,0.0231
10143,3,4,28505.02,16973.13,34,17,1.6793,1.0,0,0.0151
10144,4,2,21916.26,4979.84,33,8,4.4001,3.125,0,0.0073
10145,5,2,19683.34,12192.29,4,27,1.6143,-0.8519,0,0.1073
10146,2,2,10584.3,11109.52,44,17,0.9526,1.5882,0,0.228
10147,3,1,4220.35,5849.76,29,30,0.7213,-0.0333,0,0.2306
10148,12,1,7959.54,9100.36,18,31,0.8745,-0.4194,0,0.6292
10149,10,4,16886.17,12432.33,25,45,1.3581,-0.4444,0,0.2848
10150,11,3,1038.18,33952.52,4,46,0.0306,-0.913,1,0.4201
10151,2,2,16148.27,10285.91,9,5,1.5698,0.8,0,0.2385
10152,5,3,420.52,11434.45,39,43,0.0368,-0.093,1,0.5413
10153,11,4,16951.1,843.21,47,32,20.0792,0.4688,0,0.0146
10154,7,4,16479.91,36492.73,22,45,0.4516,-0.5111,0,0.7358
10155,12,3,523.54,9011.4,2,41,0.0581,-0.9512,0,0.3219
10156,9,2,9866.08,19389.9,9,26,0.5088,-0.6538,0,0.2234
10157,12,4,6980.65,619.2,27,26,11.2555,0.0385,0,0.0167
10158,3,4,1861.12,6555.57,26,11,0.2839,1.3636,0,0.2793
10159,4,2,1606.14,3564.31,3,17,0.4505,-0.8235,0,0.4234
10160,1,4,14839.47,3726.92,37,12,3.9806,2.0833,0,0.053
10161,1,4,8386.19,18811.13,32,8,0.4458,3.0,0,0.2947
10162,7,3,40744.91,11733.74,36,15,3.4722,1.4,0,0.0127
10163,1,1,40312.45,6952.37,30,32,5.7975,-0.0625,0,0.1744
10164,7,4,49153.7,127.71,36,29,381.895,0.2414,0,0.0361
10165,4,4,1262.61,40204.21,23,14,0.0314,0.6429,0,0.1502
10166,11,3,27847.61,39249.37,25,49,0.7095,-0.4898,0,0.274
10167,4,1,2804.68,2943.94,19,49,0.9524,-0.6122,1,0.6041
10168,9,1,6128.81,506.71,7,41,12.0715,-0.8293,0,0.248
10169,13,3,14163.68,9065.36,5,13,1.5622,-0.6154,0,0.0529
10170,9,4,2276.8,36292.25,27,14,0.0627,0.9286,0,0.2487
10171,14,2,8354.29,28948.24,23,40,0.2886,-0.425,1,0.9332
10172,9,3,2055.7,10543.98,8,6,0.1949,0.3333,0,0.4771
10173,14,3,1106.37,4341.09,21,43,0.2548,-0.5116,1,0.9322
10174,3,1,1239.3,4805.03,24,25,0.2579,-0.04,0,0.4064
10175,4,3,4426.05,27383.22,25,30,0.1616,-0.1667,0,0.4972
10176,3,2,46.66,8122.19,23,49,0.0057,-0.5306,1,0.7025
10177,12,3,5531.31,1686.55,14,30,3.2777,-0.5333,0,0.2223
10178,14,3,10912.31,3427.02,24,10,3.1833,1.4,0,0.006
10179,1,1,5136.43,3888.75,12,5,1.3205,1.4,0,0.3156
10180,9,2,897.0,1582.46,16,44,0.5665,-0.6364,0,0.2205
10181,9,2,647.4,7462.08,46,11,0.0867,3.1818,0,0.1537
10182,4,4,3258.92,29730.54,43,11,0.1096,2.9091,0,0.0664
10183,9,1,1855.02,13259.76,7,44,0.1399,-0.8409,1,0.9379
10184,11,2,33551.24,902.81,41,22,37.122,0.8636,0,0.0149
10185,3,2,1639.67,66.12,12,16,24.4289,-0.25,0,0.2595
10186,9,3,16371.3,3879.67,28,22,4.2187,0.2727,0,0.0186
10187,5,4,8821.5,5406.04,28,42,1.6315,-0.3333,1,0.3326
10188,4,1,8423.13,17993.54,21,35,0.4681,-0.4,1,0.8776
10189,13,2,7176.05,40936.98,48,14,0.1753,2.4286,0,0.6073
10190,14,4,35671.25,5883.79,18,17,6.0616,0.0588,0,0.0317
10191,1,1,4523.13,13926.75,3,22,0.3248,-0.8636,1,0.976
10192,5,3,15507.72,63346.67,21,41,0.2448,-0.4878,0,0.9069
10193,4,2,8103.42,16429.31,16,37,0.4932,-0.5676,1,0.7474
10194,14,4,5035.75,12133.47,11,8,0.415,0.375,0,0.2917
10195,12,1,31115.01,975.49,46,17,31.8641,1.7059,0,0.0454
10196,13,2,9120.89,4684.82,37,42,1.9465,-0.119,0,0.0052
10197,7,1,1266.03,29356.38,37,12,0.0431,2.0833,0,0.5395
10198,14,3,5404.93,2692.81,10,10,2.0064,0.0,0,0.0097
10199,10,3,15213.43,22263.32,28,22,0.6833,0.2727,0,0.0223
10200,14,4,11833.44,14301.51,42,23,0.8274,0.8261,0,0.0127
10201,12,4,24809.98,5474.62,47,23,4.531,1.0435,0,0.0191
10202,9,2,3002.64,9039.21,15,22,0.3321,-0.3182,0,0.9197
10203,1,4,14196.18,9391.78,27,38,1.5114,-0.2895,0,0.3354
10204,9,2,6159.55,15023.42,46,15,0.41,2.0667,0,0.4194
10205,14,1,8524.0,8721.84,16,14,0.9772,0.1429,0,0.0078
10206,6,2,31021.31,1713.65,15,31,18.0919,-0.5161,0,0.3611
10207,10,3,38769.61,17817.72,8,9,2.1758,-0.1111,0,0.0124
10208,1,3,19775.42,6256.02,45,45,3.1605,0.0,0,0.0137
10209,13,4,4448.77,39592.54,10,30,0.1124,-0.6667,1,0.9048
10210,10,3,21865.89,4000.76,40,42,5.4641,-0.0476,0,0.0233
10211,7,2,10177.95,3663.29,16,12,2.7776,0.3333,0,0.0136
10212,6,1,5621.13,4868.71,48,38,1.1543,0.2632,0,0.0302
10213,14,3,363.97,10192.48,30,22,0.0357,0.3636,0,0.6825
10214,4,3,14702.33,27030.66,31,44,0.5439,-0.2955,0,0.3157
10215,2,2,6973.67,2327.12,33,22,2.9954,0.5,0,0.0691
10216,9,2,15426.6,3936.7,32,43,3.9177,-0.2558,0,0.4087
10217,1,2,13784.17,10458.1,10,13,1.3179,-0.2308,1,0.7522
10218,5,2,15777.81,7268.98,45,43,2.1703,0.0465,0,0.0263
10219,12,1,3576.06,7115.78,4,28,0.5025,-0.8571,0,0.3151
10220,12,2,16134.39,20626.63,17,39,0.7822,-0.5641,0,0.2928
10221,10,4,7959.47,30905.06,30,42,0.2575,-0.2857,1,0.8993
10222,7,1,6411.74,7877.32,36,32,0.8138,0.125,0,0.0302
10223,6,1,11243.18,13952.12,39,9,0.8058,3.3333,0,0.0319
10224,14,4,215.9,19376.95,44,7,0.0111,5.2857,0,0.1051
10225,8,3,1079.38,8766.86,40,30,0.1231,0.3333,1,0.6284
10226,9,4,3455.62,4183.06,39,11,0.8259,2.5455,0,0.0181
10227,9,3,40739.6,12196.14,26,15,3.3401,0.7333,0,0.0115
10228,10,2,1505.27,10556.88,7,24,0.1426,-0.7083,1,0.8569
10229,3,3,4013.68,27820.04,16,20,0.1443,-0.2,0,0.8364
10230,9,4,524.02,645.96,36,25,0.81,0.44,0,0.0141
10231,7,1,4023.73,28912.88,13,20,0.1392,-0.35,1,0.9082
10232,12,4,3861.42,9173.97,18,40,0.4209,-0.55,1,0.8049
10233,7,2,29338.32,189.6,33,12,153.9261,1.75,0,0.0418
10234,14,2,18653.25,5071.99,14,45,3.677,-0.6889,0,0.0354
10235,10,2,4825.04,15462.76,2,41,0.312,-0.9512,0,0.7114
10236,2,4,250.81,8043.32,36,33,0.0312,0.0909,0,0.3378
10237,7,2,17780.41,47040.08,2,49,0.378,-0.9592,1,0.7357
10238,13,3,10803.88,6590.85,18,14,1.639,0.2857,0,0.0089
10239,9,2,1653.05,4745.62,6,41,0.3483,-0.8537,1,0.8293
10240,14,1,55394.39,20689.56,38,28,2.6773,0.3571,0,0.0044
10241,9,2,1056.2,9526.4,5,40,0.1109,-0.875,0,0.8035
10242,4,3,20182.68,13760.78,7,33,1.4666,-0.7879,0,0.0347
10243,3,4,3485.17,19660.37,32,23,0.1773,0.3913,0,0.3341
10244,4,1,5715.55,13355.97,44,19,0.4279,1.3158,0,0.2129
10245,11,4,15869.75,6586.64,22,44,2.409,-0.5,0,0.2237
10246,13,3,11316.78,1599.59,47,25,7.0704,0.88,0,0.0121
10247,7,4,27784.36,10417.1,17,41,2.6669,-0.5854,1,0.2924
10248,4,3,9705.89,27326.91,39,13,0.3552,2.0,0,0.4475
10249,7,3,1029.3,6513.83,43,44,0.158,-0.0227,0,0.4975
10250,14,3,21572.77,28992.44,30,18,0.7441,0.6667,0,0.0076
10251,6,2,14660.11,8402.73,29,48,1.7445,-0.3958,0,0.2498
10252,8,3,12443.45,11637.61,47,45,1.0692,0.0444,0,0.019
10253,12,2,552.31,21476.31,35,26,0.0257,0.3462,0,0.2991
10254,1,2,5045.5,9977.8,13,37,0.5056,-0.6486,0,0.5913
10255,12,4,1832.45,1144.52,29,37,1.5997,-0.2162,1,0.3887
10256,9,4,17254.32,47546.79,36,35,0.3629,0.0286,1,0.3347
10257,5,3,12057.36,3385.96,26,14,3.5599,0.8571,0,0.0174
10258,11,4,21462.45,14875.42,15,32,1.4427,-0.5312,0,0.2956
10259,7,1,33984.54,8441.12,9,33,4.0256,-0.7273,0,0.2557
10260,12,4,14905.34,7818.83,26,48,1.9061,-0.4583,0,0.3791
10261,6,3,51556.18,3355.63,3,28,15.3595,-0.8929,1,0.4529
10262,14,4,9539.14,15368.12,37,33,0.6207,0.1212,0,0.0196
10263,13,4,378.36,1436.06,20,7,0.2633,1.8571,0,0.479
10264,9,3,143.54,55818.73,48,25,0.0026,0.92,1,0.4067
10265,3,2,4187.08,22400.92,42,27,0.1869,0.5556,0,0.2019
10266,12,4,17342.74,9175.95,3,37,1.8898,-0.9189,0,0.1128
10267,4,2,20109.21,6631.3,44,12,3.032,2.6667,0,0.0044
10268,10,4,32393.98,4050.28,29,26,7.996,0.1154,0,0.0104
10269,8,2,673.39,8356.02,17,25,0.0806,-0.32,0,0.6624
10270,6,4,455.95,25385.05,17,24,0.018,-0.2917,1,0.5388
10271,4,4,24451.12,3859.11,43,30,6.3343,0.4333,0,0.0974
10272,5,2,3639.11,8330.67,15,42,0.4368,-0.6429,1,0.8152
10273,6,3,8164.17,3207.5,8,29,2.5445,-0.7241,0,0.1158
10274,14,4,40424.1,4934.46,34,24,8.1905,0.4167,0,0.0089
10275,4,1,5115.73,2532.51,30,47,2.0192,-0.3617,0,0.4585
10276,4,4,10962.29,55927.17,8,18,0.196,-0.5556,1,0.7114
10277,8,1,5122.93,10169.5,16,49,0.5037,-0.6735,0,0.3064
10278,10,1,14618.57,15837.77,33,32,0.923,0.0312,0,0.0283
10279,10,1,7501.72,1241.01,8,27,6.04,-0.7037,0,0.7031
10280,10,2,2711.83,5470.7,35,32,0.4956,0.0938,1,0.6244
10281,8,4,3165.02,26778.79,48,8,0.1182,5.0,0,0.0551
10282,4,3,2984.86,1058.61,28,38,2.8169,-0.2632,0,0.1765
10283,11,2,7599.72,2170.83,34,34,3.4992,0.0,0,0.0088
10284,3,2,12146.6,11783.32,48,26,1.0307,0.8462,0,0.0155
10285,13,3,29814.33,11699.41,33,7,2.5481,3.7143,0,0.0095
10286,4,4,11844.56,21858.74,9,43,0.5418,-0.7907,0,0.0727
10287,10,3,15195.65,32891.73,41,29,0.462,0.4138,0,0.4626
10288,11,3,1850.37,1837.63,3,22,1.0064,-0.8636,0,0.1197
10289,12,2,4685.05,3603.11,7,18,1.2999,-0.6111,1,0.4586
10290,14,1,5340.61,6692.1,39,14,0.7979,1.7857,0,0.0083
10291,8,4,11595.74,10.84,29,46,979.3699,-0.3696,0,0.4543
10292,8,2,3508.23,868.45,40,30,4.035,0.3333,0,0.0146
10293,14,4,3613.89,3081.82,47,42,1.1723,0.119,0,0.0095
10294,6,2,4398.84,7872.57,25,19,0.5587,0.3158,0,0.033
10295,2,3,16623.22,3476.57,14,34,4.7801,-0.5882,0,0.5572
10296,13,4,8617.79,25115.86,11,12,0.3431,-0.0833,0,0.345
10297,3,2,782.61,4703.59,31,32,0.1664,-0.0312,0,0.3496
10298,3,4,814.77,31023.01,31,33,0.0263,-0.0606,0,0.3623
10299,9,1,4640.8,44164.87,15,27,0.1051,-0.4444,1,0.9286
10300,2,1,14549.63,7171.02,25,9,2.0287,1.7778,1,0.8551
10301,6,4,11669.45,3091.71,26,8,3.7732,2.25,0,0.0104
10302,9,4,12309.41,4138.08,11,29,2.9739,-0.6207,0,0.1943
10303,5,4,14576.19,17971.2,6,44,0.811,-0.8636,0,0.0812
10304,1,4,3384.88,3831.72,39,31,0.8832,0.2581,0,0.0309
10305,12,2,7946.4,5747.72,13,14,1.3823,-0.0714,0,0.0141
10306,3,3,7838.44,7814.3,24,46,1.003,-0.4783,0,0.152
10307,6,2,13456.61,10271.13,26,12,1.31,1.1667,0,0.0156
10308,6,1,31435.5,66562.7,39,25,0.4723,0.56,0,0.3361
10309,1,1,3257.16,3170.86,42,16,1.0269,1.625,0,0.2907
10310,9,2,15763.98,5232.77,42,11,3.012,2.8182,0,0.0042
10311,14,1,10787.23,3660.24,36,33,2.9463,0.0909,0,0.0062
10312,2,2,8680.67,5376.34,48,7,1.6143,5.8571,0,0.3796
10313,2,1,14911.21,1275.06,35,44,11.6854,-0.2045,1,0.7395
10314,1,3,28829.84,5351.88,15,32,5.3859,-0.5312,1,0.808
10315,4,4,373.81,26256.62,35,36,0.0142,-0.0278,0,0.2463
10316,9,1,1594.65,4255.95,9,40,0.3746,-0.775,1,0.9127
10317,12,2,14117.65,5581.34,14,17,2.529,-0.1765,0,0.0681
10318,9,4,875.11,34690.88,11,5,0.0252,1.2,0,0.2067
10319,5,2,7259.26,15640.17,48,28,0.4641,0.7143,0,0.4092
10320,5,4,2482.83,8726.37,31,10,0.2845,2.1,0,0.384
10321,1,4,3206.13,18017.38,14,5,0.1779,1.8,0,0.2031
10322,10,4,12101.27,1577.44,37,40,7.6666,-0.075,0,0.0141
10323,4,3,306.58,7494.44,36,15,0.0409,1.4,0,0.2806
10324,8,1,20660.87,1509.97,3,34,13.6739,-0.9118,0,0.3009
10325,13,2,5878.49,3192.9,19,22,1.8405,-0.1364,0,0.0058
10326,4,1,6979.45,1835.96,45,45,3.7995,0.0,0,0.0621
10327,3,3,7766.33,5389.27,11,23,1.4408,-0.5217,0,0.1394
10328,14,2,10371.72,5768.2,18,15,1.7978,0.2,0,0.0058
10329,2,3,4229.01,35319.63,5,24,0.1197,-0.7917,1,0.9727
10330,2,4,1065.92,3680.35,43,42,0.2895,0.0238,0,0.4595
10331,3,2,3832.81,7673.66,24,18,0.4994,0.3333,1,0.5237
10332,2,1,1840.94,20016.21,49,8,0.092,5.125,1,0.9448
10333,14,4,8122.31,20288.92,22,41,0.4003,-0.4634,0,0.6855
10334,5,2,3827.68,16652.02,26,8,0.2298,2.25,0,0.512
10335,14,4,31716.86,4073.33,35,40,7.7846,-0.125,0,0.0067
10336,3,4,33736.1,8197.69,22,12,4.1148,0.8333,0,0.0085
10337,6,3,9679.15,2472.66,23,15,3.9129,0.5333,0,0.0096
10338,6,2,9610.19,2504.96,38,25,3.8349,0.52,0,0.0085
10339,13,3,42252.67,6869.03,46,33,6.1503,0.3939,0,0.024
10340,13,2,21828.76,16100.08,14,13,1.3557,0.0769,0,0.0073
10341,6,3,14484.67,8973.38,28,13,1.614,1.1538,0,0.0199
10342,14,1,3762.81,26130.82,4,22,0.144,-0.8182,1,0.938
10343,3,2,4549.8,21327.8,24,22,0.2133,0.0909,0,0.3182
10344,12,1,2247.28,385.39,48,10,5.8161,3.8,0,0.0278
10345,6,2,6677.68,10083.6,21,36,0.6622,-0.4167,0,0.3434
10346,8,2,46427.19,11273.52,20,34,4.1179,-0.4118,0,0.2843
10347,8,1,24321.35,39108.61,36,21,0.6219,0.7143,0,0.0294
10348,12,3,1259.59,282.13,33,27,4.4488,0.2222,0,0.0194
10349,7,1,255.13,9088.49,5,40,0.0281,-0.875,1,0.7604
10350,2,1,22890.54,2749.66,2,40,8.3218,-0.95,1,0.6241
10351,7,2,7703.96,661.88,29,21,11.622,0.381,0,0.0141
10352,8,3,2233.81,10625.9,48,32,0.2102,0.5,0,0.4951
10353,3,4,11197.95,17772.76,24,37,0.63,-0.3514,1,0.3717
10354,13,3,10334.52,17892.68,5,7,0.5776,-0.2857,1,0.174
10355,12,1,1302.06,369.08,34,16,3.5183,1.125,0,0.0113
10356,4,4,3005.65,6269.65,13,23,0.4793,-0.4348,0,0.5293
10357,2,1,619.58,546.37,26,29,1.1319,-0.1034,1,0.7044
10358,10,4,2355.46,3417.65,30,29,0.689,0.0345,0,0.033
10359,14,3,1419.16,2571.41,42,5,0.5517,7.4,0,0.0073
10360,6,1,2147.24,2907.65,11,13,0.7382,-0.1538,0,0.0467
10361,10,2,11566.67,4970.17,4,28,2.3268,-0.8571,0,0.0707
10362,10,4,507.67,3899.09,16,6,0.1302,1.6667,0,0.2317
10363,3,4,1074.23,39330.75,12,34,0.0273,-0.6471,1,0.7667
10364,1,4,1440.71,5213.92,6,43,0.2763,-0.8605,1,0.9374
10365,12,4,3805.89,26951.34,11,43,0.1412,-0.7442,0,0.7835
10366,10,4,3548.91,2396.66,47,49,1.4802,-0.0408,0,0.0137
10367,13,2,2944.57,17314.22,28,22,0.1701,0.2727,0,0.4777
10368,12,1,13884.43,759.69,45,24,18.2524,0.875,0,0.038
10369,2,2,62260.67,7455.75,10,30,8.3496,-0.6667,1,0.6706
10370,10,3,7635.22,66.31,39,10,113.4337,2.9,0,0.0083
10371,11,1,28860.3,19947.15,42,26,1.4468,0.6154,0,0.0092
10372,1,2,5051.92,36066.01,36,39,0.1401,-0.0769,0,0.1682
10373,7,1,1128.13,428.86,46,38,2.6244,0.2105,0,0.025
10374,1,3,5255.57,32589.3,40,43,0.1613,-0.0698,0,0.1271
10375,11,2,3511.58,17838.89,29,32,0.1968,-0.0938,0,0.3576
10376,5,3,6800.47,5334.12,21,46,1.2747,-0.5435,0,0.2676
10377,9,4,10701.52,28746.48,37,42,0.3723,-0.119,0,0.4027
10378,5,1,6181.33,4216.11,38,9,1.4658,3.2222,0,0.0438
10379,4,1,27358.4,6317.27,12,24,4.33,-0.5,0,0.35
10380,4,2,21607.8,1220.56,20,38,17.6887,-0.4737,0,0.2276
10381,9,3,12105.87,12838.16,6,26,0.9429,-0.7692,0,0.0903
10382,9,1,6727.27,360.57,26,9,18.6057,1.8889,0,0.0815
10383,12,4,1412.03,7960.85,17,30,0.1773,-0.4333,1,0.825
10384,14,4,5058.61,13793.51,32,12,0.3667,1.6667,0,0.5045
10385,12,3,12187.53,20660.37,15,41,0.5899,-0.6341,0,0.374
10386,8,3,3353.13,1949.4,18,36,1.7192,-0.5,0,0.2599
10387,1,2,1098.02,16833.49,42,7,0.0652,5.0,1,0.7203
10388,4,3,23848.64,15236.1,47,30,1.5652,0.5667,0,0.0125
10389,9,4,12346.07,9840.06,13,17,1.2545,-0.2353,0,0.38
10390,8,4,9552.3,10543.45,36,10,0.9059,2.6,0,0.0074
10391,8,1,15726.19,1148.5,19,40,13.6809,-0.525,0,0.4463
10392,14,4,18057.33,11009.63,8,35,1.64,-0.7714,0,0.0311
10393,11,4,6606.01,5765.93,26,14,1.1455,0.8571,0,0.0179
10394,2,1,21302.15,24261.4,31,22,0.878,0.4091,0,0.4731
10395,9,2,24819.39,4506.78,31,34,5.5059,-0.0882,0,0.0302
10396,5,3,3168.38,10313.12,4,16,0.3072,-0.75,1,0.8286
10397,8,1,9353.34,6673.46,13,39,1.4014,-0.6667,0,0.2818
10398,1,1,7477.81,25075.06,48,48,0.2982,0.0,0,0.1883
10399,12,2,7720.73,3515.02,42,48,2.1959,-0.125,0,0.0114
10400,13,3,27752.02,984.97,19,38,28.1469,-0.5,0,0.3146
10401,5,3,3641.15,16571.18,41,33,0.2197,0.2424,0,0.6099
10402,10,3,41004.02,6390.65,11,27,6.4152,-0.5926,1,0.6514
10403,1,1,23241.28,10672.82,45,30,2.1774,0.5,0,0.0737
10404,11,4,6138.24,320.93,28,32,19.067,-0.125,0,0.0264
10405,7,4,17007.49,36466.13,22,22,0.4664,0.0,0,0.3137
10406,13,1,14655.41,25207.33,6,38,0.5814,-0.8421,0,0.0571
10407,5,4,11328.78,11733.78,44,38,0.9654,0.1579,0,0.0298
10408,3,2,3854.18,206.12,4,30,18.6084,-0.8667,0,0.257
10409,5,4,2187.17,5697.33,41,25,0.3838,0.64,0,0.3162
10410,7,1,11133.03,46243.09,21,12,0.2407,0.75,0,0.4345
10411,4,4,18513.39,13723.2,9,5,1.349,0.8,0,0.0097
10412,11,2,163.86,2106.36,33,17,0.0778,0.9412,0,0.2339
10413,4,4,10294.69,7407.5,34,12,1.3896,1.8333,0,0.0092
10414,8,4,5849.62,40839.98,6,49,0.1432,-0.8776,0,0.5458
10415,9,2,22836.43,9181.09,29,28,2.4871,0.0357,0,0.0118
10416,14,3,3878.31,299.07,26,43,12.9247,-0.3953,0,0.0764
10417,14,2,6428.05,11603.81,44,7,0.5539,5.2857,0,0.0058
10418,6,4,7231.26,3796.54,10,14,1.9042,-0.2857,0,0.2228
10419,1,3,1513.34,1248.95,46,35,1.2107,0.3143,0,0.0388
10420,9,3,12478.98,6188.22,28,31,2.0162,-0.0968,0,0.0167
10421,6,1,17747.63,9811.55,40,17,1.8087,1.3529,0,0.0396
10422,12,1,596.54,206.25,29,23,2.8784,0.2609,0,0.0103
10423,5,2,3444.48,9825.8,36,44,0.3505,-0.1818,1,0.9409
10424,8,2,387.87,8589.7,45,34,0.0451,0.3235,0,0.297
10425,13,2,31360.09,18953.21,14,43,1.6545,-0.6744,0,0.0483
10426,14,4,11001.2,6610.4,49,11,1.664,3.4545,0,0.0101
10427,11,2,33298.19,9674.46,10,7,3.4415,0.4286,0,0.0045
10428,11,1,7582.07,16257.98,42,18,0.4663,1.3333,0,0.1886
10429,5,2,16198.34,27293.32,47,21,0.5935,1.2381,0,0.0495
10430,2,3,4690.66,5737.1,34,36,0.8175,-0.0556,0,0.0735
10431,12,1,4366.76,11044.59,2,13,0.3953,-0.8462,0,0.6915
10432,4,3,4752.46,14234.02,49,46,0.3339,0.0652,0,0.5553
10433,4,4,10725.42,530.82,19,44,20.1674,-0.5682,0,0.2151
10434,10,2,4454.33,19358.97,14,36,0.2301,-0.6111,1,0.9017
10435,3,1,23062.66,5686.79,18,30,4.0548,-0.4,0,0.4122
10436,6,3,40908.43,13312.64,13,23,3.0727,-0.4348,0,0.22
10437,3,1,308.99,7656.28,17,24,0.0404,-0.2917,0,0.6766
10438,4,3,2152.04,14541.61,30,33,0.148,-0.0909,0,0.5322
10439,6,1,1190.65,15462.65,2,6,0.077,-0.6667,0,0.7658
10440,11,3,432.88,2551.95,48,31,0.1696,0.5484,0,0.4246
10441,12,4,2584.35,13022.7,30,35,0.1984,-0.1429,0,0.5108
10442,8,3,5920.24,22871.78,38,26,0.2588,0.4615,0,0.6192
10443,13,3,18139.46,3223.45,20,16,5.6256,0.25,0,0.0236
10444,13,1,2508.03,17034.91,19,40,0.1472,-0.525,1,0.9568
10445,3,3,6811.1,12055.73,27,39,0.5649,-0.3077,0,0.3288
10446,14,3,26538.28,37246.77,42,5,0.7125,7.4,0,0.0042
10447,8,2,11002.58,3617.26,27,29,3.0408,-0.069,0,0.0237
10448,2,3,15998.79,2010.77,6,37,7.9526,-0.8378,0,0.2432
10449,7,2,8007.19,4489.71,12,45,1.7831,-0.7333,0,0.159
10450,11,1,39356.22,3580.21,35,9,10.9896,2.8889,0,0.0071
10451,6,3,8883.4,16968.07,24,34,0.5235,-0.2941,0,0.3206
10452,1,4,465.79,15850.99,35,23,0.0294,0.5217,0,0.2424
10453,12,1,2206.25,13292.5,48,42,0.166,0.1429,0,0.2709
10454,1,4,5188.13,2925.96,20,44,1.7725,-0.5455,0,0.9261
10455,11,2,9194.89,23749.23,37,7,0.3871,4.2857,0,0.1929
10456,13,2,14781.06,37639.69,22,38,0.3927,-0.4211,0,0.7837
10457,4,4,5328.77,9101.34,7,30,0.5854,-0.7667,0,0.0692
10458,11,4,12380.75,12576.38,37,32,0.9844,0.1562,0,0.0177
10459,2,4,15600.27,8334.39,49,27,1.8716,0.8148,0,0.2721
10460,11,1,3816.41,4001.49,15,47,0.9535,-0.6809,0,0.4584
10461,10,4,38761.85,4044.95,42,11,9.5804,2.8182,0,0.0048
10462,13,3,10488.41,4512.4,41,34,2.3238,0.2059,0,0.0053
10463,14,1,21286.15,2541.25,32,37,8.373,-0.1351,0,0.0084
10464,10,2,8117.9,27864.11,13,44,0.2913,-0.7045,1,0.8927
10465,7,4,13532.59,23456.83,10,28,0.5769,-0.6429,0,0.2115
10466,7,2,14720.44,7430.72,28,42,1.9808,-0.3333,0,0.2342
10467,8,3,23886.7,5492.19,42,15,4.3484,1.8,0,0.0233
10468,9,4,1629.3,33578.0,33,14,0.0485,1.3571,0,0.1975
10469,14,2,8170.87,3018.11,28,6,2.7064,3.6667,0,0.0063
10470,9,3,5592.78,9676.92,39,5,0.5779,6.8,0,0.009
10471,8,4,25660.17,672.47,21,8,38.1014,1.625,0,0.0417
10472,1,3,1110.37,2546.48,33,30,0.4359,0.1,0,0.1952
10473,9,4,40497.86,11116.91,8,45,3.6426,-0.8222,0,0.0897
10474,7,3,20830.59,13023.03,39,17,1.5994,1.2941,0,0.0199
10475,9,2,766.93,10438.49,13,8,0.0735,0.625,0,0.3479
10476,10,1,6752.41,24445.91,17,39,0.2762,-0.5641,1,0.9699
10477,9,4,12642.87,60257.72,46,32,0.2098,0.4375,0,0.189
10478,4,4,13399.89,17320.06,6,6,0.7736,0.0,0,0.0269
10479,7,1,23697.31,7507.92,37,13,3.1559,1.8462,0,0.0272
10480,2,2,16087.65,21544.49,19,43,0.7467,-0.5581,0,0.602
10481,8,4,3724.13,1539.28,46,38,2.4178,0.2105,0,0.0134
10482,5,1,6900.22,13796.49,27,48,0.5001,-0.4375,0,0.5559
10483,10,1,12099.43,8766.15,14,36,1.3801,-0.6111,0,0.6334
10484,3,2,1490.07,2353.14,2,34,0.633,-0.9412,0,0.0562
10485,13,1,2156.6,43313.55,34,18,0.0498,0.8889,0,0.3734
10486,1,4,6559.33,4957.81,8,19,1.3228,-0.5789,1,0.9066
10487,9,2,3541.72,11467.35,37,33,0.3088,0.1212,1,0.4175
10488,3,3,19845.62,25303.4,43,21,0.7843,1.0476,0,0.0118
10489,14,3,8825.59,8479.38,42,40,1.0407,0.05,0,0.0116
10490,8,4,4287.31,1467.88,21,29,2.9188,-0.2759,0,0.2713
10491,9,1,18893.7,20493.81,37,11,0.9219,2.3636,0,0.0285
10492,5,2,16341.33,5228.87,31,23,3.1246,0.3478,0,0.0199
10493,5,3,64099.4,48941.8,44,38,1.3097,0.1579,0,0.028
10494,13,2,18793.3,25831.94,25,13,0.7275,0.9231,0,0.0045
10495,2,4,5352.15,23044.61,27,19,0.2322,0.4211,1,0.7124
10496,8,4,1363.91,5285.4,22,23,0.258,-0.0435,0,0.3742
10497,7,2,18365.95,16982.74,46,46,1.0814,0.0,0,0.0168
10498,10,2,616.18,51509.8,10,44,0.012,-0.7727,1,0.6185
10499,5,4,4312.0,8966.72,40,29,0.4808,0.3793,0,0.3819
10500,2,4,25224.59,7635.13,24,17,3.3033,0.4118,0,0.0619
10501,6,1,32382.24,177.29,41,14,181.6268,1.9286,0,0.1055
10502,10,3,10232.21,14455.83,17,38,0.7078,-0.5526,0,0.1809
10503,8,1,11668.32,23463.56,6,38,0.4973,-0.8421,0,0.1896
10504,12,2,433.82,3411.57,13,29,0.1271,-0.5517,0,0.852
10505,14,3,7225.35,4540.47,28,20,1.591,0.4,0,0.0098
10506,2,1,7915.72,8334.03,13,44,0.9497,-0.7045,1,0.8125
10507,4,3,4156.68,897.72,28,11,4.6251,1.5455,0,0.0141
10508,6,1,710.63,1127.01,14,22,0.63,-0.3636,0,0.5182
10509,8,2,2599.47,6559.73,30,13,0.3962,1.3077,1,0.4627
10510,4,4,4431.42,3633.04,2,6,1.2194,-0.6667,0,0.0541
10511,7,3,5711.81,6251.27,7,12,0.9136,-0.4167,0,0.2327
10512,7,2,8938.61,7270.13,40,25,1.2293,0.6,0,0.0133
10513,8,2,12815.43,44893.9,15,45,0.2855,-0.6667,0,0.7682
10514,10,4,3821.86,34644.65,24,13,0.1103,0.8462,0,0.201
10515,2,4,3989.17,1806.11,26,5,2.2075,4.2,1,0.627
10516,10,4,198.88,25704.59,28,46,0.0077,-0.3913,0,0.6733
10517,7,3,417.34,1003.28,7,7,0.4156,0.0,0,0.6043
10518,1,4,2981.66,8502.43,20,37,0.3506,-0.4595,1,0.9518
10519,4,3,13480.16,2148.23,46,27,6.2721,0.7037,0,0.0929
10520,9,4,9897.05,5466.43,48,15,1.8102,2.2,0,0.0156
10521,5,1,14687.59,16320.05,30,35,0.8999,-0.1429,0,0.1561
10522,2,1,14649.89,6630.31,5,13,2.2092,-0.6154,0,0.4791
10523,5,2,19418.91,19737.75,25,26,0.9838,-0.0385,0,0.0395
10524,6,1,12741.07,15224.94,11,8,0.8368,0.375,0,0.0221
10525,1,4,38637.53,34342.69,7,10,1.125,-0.3,0,0.3641
10526,4,3,22909.06,9166.85,28,32,2.4988,-0.125,0,0.0158
10527,11,3,8836.23,19442.83,35,31,0.4544,0.129,0,0.4683
10528,2,4,8871.15,4679.36,3,17,1.8954,-0.8235,1,0.611
10529,5,3,348.68,5091.11,34,5,0.0685,5.8,0,0.2858
10530,5,2,65201.67,6140.12,22,8,10.6172,1.75,0,0.0459
10531,5,1,1410.75,6350.23,49,48,0.2221,0.0208,0,0.4184
10532,1,4,13484.1,1307.78,29,37,10.3028,-0.2162,0,0.3492
10533,1,1,17204.54,8785.12,44,45,1.9581,-0.0222,0,0.1947
10534,11,1,4668.96,1221.78,14,25,3.8183,-0.44,0,0.3835
10535,14,4,2192.16,26461.38,33,19,0.0828,0.7368,1,0.5511
10536,9,4,1039.84,766.08,47,29,1.3556,0.6207,0,0.0123
10537,12,1,13807.34,7167.38,29,8,1.9261,2.625,0,0.007
10538,12,4,6026.73,4020.54,5,37,1.4986,-0.8649,0,0.075
10539,5,1,12507.77,2019.17,22,14,6.1914,0.5714,1,0.5364
10540,7,1,24699.11,18380.65,12,11,1.3437,0.0909,0,0.0297
10541,10,1,1585.08,15060.35,11,8,0.1052,0.375,0,0.2619
10542,13,4,25154.19,1893.16,7,33,13.2799,-0.7879,0,0.0837
10543,12,4,5303.93,12021.06,15,8,0.4412,0.875,0,0.3771
10544,4,2,3642.28,18874.68,42,20,0.193,1.1,0,0.1783
10545,4,1,28657.97,17811.24,19,37,1.6089,-0.4865,0,0.2642
10546,13,1,46725.6,1161.83,47,43,40.1827,0.093,0,0.0347
10547,3,1,2217.6,13881.74,27,49,0.1597,-0.449,0,0.8291
10548,2,2,10695.54,15106.38,5,33,0.708,-0.8485,0,0.1531
10549,11,1,1126.04,23780.49,2,10,0.0473,-0.8,1,0.8739
10550,3,2,10524.37,8512.4,16,6,1.2362,1.6667,0,0.0202
10551,2,2,17562.76,7418.57,16,22,2.3671,-0.2727,0,0.1473
10552,12,4,11535.92,40268.84,25,13,0.2865,0.9231,0,0.447
10553,4,2,5401.4,19105.79,8,14,0.2827,-0.4286,1,0.8976
10554,13,4,4829.94,9817.21,17,18,0.4919,-0.0556,0,0.3957
10555,5,3,4994.28,4816.79,7,46,1.0366,-0.8478,0,0.0852
10556,11,1,8908.95,22390.4,2,29,0.3979,-0.931,0,0.5923
10557,2,3,21334.1,7293.25,41,9,2.9248,3.5556,0,0.431
10558,2,1,26460.08,1167.19,9,12,22.6505,-0.25,0,0.3718
10559,1,2,550.16,7281.53,19,10,0.0755,0.9,1,0.3407
10560,8,4,2004.31,24665.74,34,44,0.0813,-0.2273,1,0.8327
10561,9,2,1190.36,7136.62,31,25,0.1668,0.24,0,0.2885
10562,11,1,2148.46,173.44,33,8,12.3163,3.125,0,0.0071
10563,5,1,4255.78,11345.09,17,6,0.3751,1.8333,1,0.513
10564,4,2,7062.97,65758.08,13,14,0.1074,-0.0714,1,0.54
10565,6,1,9927.97,20395.54,45,31,0.4867,0.4516,0,0.3361
10566,7,1,13172.99,11524.1,33,6,1.143,4.5,0,0.0502
10567,4,3,22082.89,29496.68,20,45,0.7486,-0.5556,0,0.1213
10568,3,2,45179.32,20157.15,45,43,2.2412,0.0465,0,0.023
10569,10,3,10872.47,8285.15,40,26,1.3121,0.5385,0,0.0096
10570,9,2,18666.85,10734.95,24,17,1.7387,0.4118,0,0.012
10571,13,3,15052.53,15769.6,9,11,0.9545,-0.1818,0,0.02
10572,2,4,3674.93,22482.89,37,37,0.1634,0.0,1,0.2718
10573,13,1,20849.95,719.25,21,47,28.9482,-0.5532,1,0.7505
10574,5,1,437.04,17889.4,7,25,0.0244,-0.72,1,0.6015
10575,11,2,3.67,7119.7,2,17,0.0005,-0.8824,1,0.59
10576,1,2,3198.37,12973.93,45,27,0.2465,0.6667,0,0.2508
10577,9,2,6200.78,17359.31,3,25,0.3572,-0.88,1,0.8086
10578,14,3,10171.14,9305.36,16,38,1.0929,-0.5789,0,0.0893
10579,4,2,1073.29,2071.04,20,37,0.518,-0.4595,0,0.3438
10580,10,1,11178.26,6321.97,43,14,1.7679,2.0714,0,0.0223
10581,6,2,16185.59,959.86,8,41,16.8449,-0.8049,0,0.3724
10582,6,1,2049.51,14027.16,38,8,0.1461,3.75,0,0.6644
10583,2,3,5363.58,36872.96,45,46,0.1455,-0.0217,0,0.6071
10584,8,1,7339.38,19031.75,34,13,0.3856,1.6154,0,0.4017
10585,14,4,6011.28,5927.36,13,33,1.014,-0.6061,0,0.0893
10586,9,1,16085.88,10533.25,25,18,1.527,0.3889,0,0.0199
10587,7,4,32320.22,4352.33,26,28,7.4243,-0.0714,0,0.0261
10588,5,3,16042.17,9345.65,10,12,1.7164,-0.1667,0,0.0453
10589,8,1,812.02,4292.57,21,17,0.1891,0.2353,0,0.3346
10590,4,3,16344.25,16087.81,4,7,1.0159,-0.4286,0,0.1941
10591,6,3,689.18,3602.59,30,41,0.1912,-0.2683,0,0.829
10592,12,4,2691.49,39897.63,40,18,0.0675,1.2222,0,0.2955
10593,13,3,1661.69,13014.69,48,28,0.1277,0.7143,1,0.7989
10594,4,1,2200.47,855.09,45,44,2.5704,0.0227,0,0.0657
10595,7,4,7514.44,130.04,35,14,57.3446,1.5,0,0.0417
10596,5,3,11137.97,69896.54,15,44,0.1593,-0.6591,0,0.6385
10597,8,2,6354.85,2989.32,47,20,2.1251,1.35,0,0.0175
10598,4,4,32112.96,4497.42,35,16,7.1387,1.1875,0,0.0632
10599,1,1,2748.22,2804.6,12,14,0.9795,-0.1429,0,0.2826
10600,6,1,14402.87,31590.04,25,6,0.4559,3.1667,0,0.1794
10601,12,2,20416.23,12667.08,15,31,1.6116,-0.5161,0,0.2974
10602,12,4,8256.87,8423.5,48,16,0.9801,2.0,0,0.0303
10603,10,2,6092.15,9787.87,32,36,0.6224,-0.1111,0,0.0318
10604,4,4,9067.97,4590.47,2,16,1.975,-0.875,0,0.0597
10605,8,4,5600.33,11428.46,45,6,0.49,6.5,0,0.0807
10606,6,2,8101.17,6528.46,9,13,1.2407,-0.3077,0,0.2167
10607,6,2,5394.55,2666.15,5,30,2.0226,-0.8333,0,0.1447
10608,13,4,5116.09,12826.49,48,35,0.3988,0.3714,0,0.3233
10609,9,3,11885.8,5617.8,2,38,2.1154,-0.9474,0,0.1027
10610,12,4,974.49,18449.11,33,49,0.0528,-0.3265,0,0.7648
10611,1,1,1821.72,6441.83,10,28,0.2828,-0.6429,1,0.9881
10612,9,1,19051.42,8517.94,5,25,2.2364,-0.8,0,0.2471
10613,4,2,14743.71,18583.87,13,13,0.7933,0.0,0,0.0179
10614,7,4,3305.25,7127.84,25,5,0.4636,4.0,1,0.5536
10615,10,3,4736.41,40655.04,22,39,0.1165,-0.4359,1,0.8818
10616,11,3,26040.48,18902.1,3,35,1.3776,-0.9143,0,0.0735
10617,4,2,17041.73,21014.12,8,43,0.8109,-0.814,0,0.0413
10618,3,2,9528.15,36928.64,48,25,0.258,0.92,0,0.2646
10619,12,2,2503.74,5908.97,6,42,0.4236,-0.8571,1,0.5625
10620,8,2,452.61,10412.3,44,27,0.0435,0.6296,0,0.2804
10621,1,3,5643.28,14194.04,37,47,0.3976,-0.2128,1,0.8843
10622,4,1,11166.56,13430.38,49,27,0.8314,0.8148,0,0.0649
10623,11,3,17630.58,36675.17,24,46,0.4807,-0.4783,0,0.7377
10624,1,1,19152.09,4082.01,32,25,4.6907,0.28,0,0.0654
10625,4,1,333.25,4132.92,40,48,0.0806,-0.1667,0,0.568
10626,7,1,2799.22,30013.08,13,12,0.0933,0.0833,0,0.4226
10627,2,3,4141.45,19271.67,36,6,0.2149,5.0,0,0.6988
10628,13,4,2091.57,2728.18,5,35,0.7664,-0.8571,0,0.0211
10629,12,2,16244.27,10128.95,44,17,1.6036,1.5882,0,0.0114
10630,10,2,14587.18,16433.9,2,10,0.8876,-0.8,0,0.1247
10631,3,4,7273.93,5225.58,8,26,1.3917,-0.6923,0,0.0491
10632,14,3,40702.26,6838.04,35,10,5.9515,2.5,0,0.0308
10633,10,3,1555.53,10279.2,31,21,0.1513,0.4762,0,0.4379
10634,5,4,22991.08,7553.25,23,48,3.0435,-0.5208,0,0.2529
10635,10,1,1238.22,16782.46,16,28,0.0738,-0.4286,1,0.8797
10636,14,3,1781.48,71.48,24,45,24.5789,-0.4667,0,0.3146
10637,12,1,11914.49,6843.35,29,42,1.7408,-0.3095,1,0.564
10638,2,3,1160.5,4942.29,5,44,0.2348,-0.8864,1,0.8598
10639,4,4,8343.54,11273.61,32,45,0.74,-0.2889,0,0.225
10640,3,2,5451.3,17951.08,41,43,0.3037,-0.0465,0,0.5096
10641,5,2,13036.97,950.4,48,48,13.7029,0.0,0,0.0444
10642,14,2,23093.6,2064.55,25,5,11.1804,4.0,0,0.0138
10643,10,3,14691.17,13126.42,26,14,1.1191,0.8571,0,0.0108
10644,8,4,18950.55,16091.38,45,20,1.1776,1.25,0,0.0174
10645,5,1,335.0,10646.66,15,49,0.0315,-0.6939,0,0.6068
10646,10,2,3713.47,48756.49,34,9,0.0762,2.7778,0,0.0709
10647,5,1,7245.0,8304.85,34,33,0.8723,0.0303,0,0.12
10648,2,2,5377.74,1758.25,27,40,3.0568,-0.325,0,0.4799
10649,3,1,2629.96,13911.48,11,25,0.189,-0.56,0,0.9179
10650,14,3,3679.87,11057.92,39,11,0.3328,2.5455,1,0.7909
10651,14,3,29082.89,10711.52,46,46,2.7149,0.0,0,0.0064
10652,8,1,3483.96,9472.03,19,36,0.3678,-0.4722,0,0.8705
10653,3,3,4368.07,33581.42,25,30,0.1301,-0.1667,0,0.6589
10654,4,1,37.17,1659.51,37,21,0.0224,0.7619,0,0.1233
10655,10,3,18648.31,912.17,37,9,20.4215,3.1111,0,0.0083
10656,11,3,1682.3,2008.49,36,18,0.8372,1.0,0,0.012
10657,8,1,2283.37,3372.29,22,38,0.6769,-0.4211,0,0.5375
10658,11,2,2947.26,10785.72,7,22,0.2732,-0.6818,0,0.8324
10659,7,2,21595.42,11374.16,22,6,1.8985,2.6667,0,0.0096
10660,7,4,2312.41,3176.99,8,30,0.7276,-0.7333,0,0.1133
10661,13,4,15971.46,8061.92,10,27,1.9809,-0.6296,0,0.0804
10662,3,2,16505.17,7894.79,2,47,2.0904,-0.9574,0,0.0662
10663,11,1,26175.78,7242.11,46,27,3.6139,0.7037,0,0.0064
10664,4,4,1228.02,19527.88,27,22,0.0629,0.2273,1,0.3225
10665,7,2,2449.79,7656.93,40,8,0.3199,4.0,0,0.724
10666,1,3,13582.84,17043.95,9,24,0.7969,-0.625,0,0.7571
10667,14,2,2181.57,2185.19,11,34,0.9979,-0.6765,0,0.0492
10668,13,4,3373.34,9110.61,8,9,0.3702,-0.1111,0,0.3989
10669,11,3,1824.11,20854.4,31,25,0.0875,0.24,0,0.4051
10670,9,2,1895.84,2348.04,7,35,0.8071,-0.8,0,0.0588
10671,1,2,6569.18,7504.12,38,49,0.8753,-0.2245,0,0.5759
10672,11,1,1161.78,11271.01,31,20,0.1031,0.55,0,0.2078
10673,12,3,3881.62,2451.49,41,38,1.5827,0.0789,0,0.0187
10674,14,3,5561.61,16964.76,21,9,0.3278,1.3333,0,0.7366
10675,8,3,248.54,987.49,49,24,0.2514,1.0417,1,0.6723
10676,7,2,4915.68,35117.95,24,42,0.14,-0.4286,1,0.8016
10677,14,2,988.51,7578.34,5,5,0.1304,0.0,0,0.606
10678,6,4,6803.86,4915.9,9,22,1.3838,-0.5909,0,0.2732
10679,10,1,17471.96,1490.54,31,22,11.714,0.4091,0,0.0145
10680,7,4,17060.71,6800.22,22,44,2.5085,-0.5,0,0.249
10681,6,1,838.69,12938.8,10,45,0.0648,-0.7778,1,0.8282
10682,12,4,9193.65,1191.05,20,23,7.7125,-0.1304,0,0.0156
10683,3,1,17993.06,4388.05,24,10,4.0995,1.4,0,0.0616
10684,8,4,2717.73,21695.95,24,39,0.1253,-0.3846,0,0.7565
10685,13,2,14351.76,12467.64,23,8,1.151,1.875,0,0.0069
10686,2,1,22142.48,2773.7,48,5,7.9801,8.6,0,0.8763
10687,10,3,16405.37,2105.24,41,40,7.7889,0.025,0,0.0152
10688,3,1,1135.06,28181.67,36,30,0.0403,0.2,0,0.3013
10689,3,4,91.01,4059.63,36,25,0.0224,0.44,1,0.436
10690,13,2,2128.52,2374.1,18,34,0.8962,-0.4706,0,0.0849
10691,6,1,3153.65,122790.08,15,6,0.0257,1.5,1,0.6538
10692,12,3,9575.89,4438.72,30,19,2.1569,0.5789,0,0.013
10693,7,3,4849.52,1598.81,15,49,3.0313,-0.6939,0,0.1363
10694,5,3,12153.95,7433.36,35,43,1.6348,-0.186,0,0.383
10695,14,2,4355.25,6837.25,28,9,0.6369,2.1111,0,0.0134
10696,3,3,1677.39,31375.12,15,11,0.0535,0.3636,1,0.6293
10697,13,1,3749.7,1729.28,12,22,2.1671,-0.4545,0,0.0869
10698,14,4,21569.64,1146.72,25,34,18.7935,-0.2647,1,0.3486
10699,3,4,31828.42,1171.07,23,6,27.1557,2.8333,0,0.0829
10700,2,1,2325.79,28156.87,29,21,0.0826,0.381,0,0.6768
10701,13,4,15533.81,7160.29,47,7,2.1691,5.7143,0,0.0053
10702,1,3,3193.09,1958.79,23,19,1.6293,0.2105,0,0.0332
10703,10,2,21815.32,10811.8,33,47,2.0175,-0.2979,0,0.3487
10704,1,4,1809.77,9256.51,40,29,0.1955,0.3793,0,0.129
10705,3,3,10964.94,2653.85,20,10,4.1302,1.0,0,0.0083
10706,9,4,879.7,11086.98,29,26,0.0793,0.1154,0,0.1973
10707,4,1,36455.64,4990.39,28,13,7.3037,1.1538,1,0.5441
10708,14,1,12060.86,3267.54,25,13,3.69,0.9231,0,0.0054
10709,11,4,18439.95,8570.01,9,38,2.1514,-0.7632,0,0.0727
10710,1,4,8362.54,4137.79,15,10,2.0205,0.5,0,0.0443
10711,11,3,6477.94,3014.5,22,37,2.1482,-0.4054,0,0.2319
10712,12,4,9725.5,25415.44,32,5,0.3826,5.4,0,0.0925
10713,9,2,7523.49,2031.86,37,48,3.7009,-0.2292,1,0.5784
10714,9,4,6337.17,3951.89,12,11,1.6032,0.0909,0,0.0154
10715,2,1,14248.28,5855.83,37,19,2.4328,0.9474,0,0.2815
10716,1,2,1962.59,3836.49,7,42,0.5114,-0.8333,0,0.2176
10717,6,4,1877.43,2839.47,39,33,0.661,0.1818,0,0.0353
10718,9,3,5653.57,17696.06,24,21,0.3195,0.1429,0,0.5763
10719,3,4,3867.63,4788.12,35,34,0.8076,0.0294,0,0.0409
10720,4,1,770.16,1432.34,20,23,0.5373,-0.1304,0,0.1766
10721,13,1,18609.2,9341.72,2,34,1.9918,-0.9412,0,0.0496
10722,6,1,14766.69,1609.08,33,42,9.1714,-0.2143,0,0.3311
10723,12,1,7850.9,5309.03,46,8,1.4785,4.75,0,0.0075
10724,4,4,38788.08,25627.24,32,47,1.5135,-0.3191,0,0.1663
10725,9,1,753.7,5528.46,47,15,0.1363,2.1333,1,0.6877
10726,7,1,14552.99,12012.68,4,46,1.2114,-0.913,0,0.1837
10727,5,3,3097.51,8674.02,23,44,0.3571,-0.4773,1,0.9069
10728,7,4,4598.14,1778.17,20,37,2.5844,-0.4595,1,0.261
10729,13,1,2475.38,12566.01,18,37,0.197,-0.5135,1,0.9716
10730,4,1,15560.77,23258.22,37,33,0.669,0.1212,0,0.1762
10731,7,3,1557.65,1174.17,14,19,1.3255,-0.2632,0,0.2904
10732,3,1,18326.86,16813.49,10,36,1.0899,-0.7222,0,0.1604
10733,13,1,10834.61,14062.38,28,39,0.7704,-0.2821,0,0.0724
10734,13,3,608.37,24178.29,37,42,0.0252,-0.119,1,0.7856
10735,7,1,16659.12,1319.01,11,40,12.6204,-0.725,0,0.2957
10736,6,1,9882.05,4378.13,33,8,2.2566,3.125,0,0.0106
10737,12,3,23536.92,14221.48,46,18,1.6549,1.5556,0,0.0183
10738,6,1,13811.97,267.17,45,23,51.5045,0.9565,0,0.1055
10739,14,3,8235.31,15894.52,49,22,0.5181,1.2273,0,0.0246
10740,10,1,18112.31,23421.33,2,39,0.7733,-0.9487,0,0.1342
10741,5,4,3258.0,7246.35,47,39,0.4495,0.2051,0,0.2991
10742,7,4,7917.53,6836.93,22,24,1.1579,-0.0833,0,0.0227
10743,14,1,3475.97,3916.56,30,9,0.8873,2.3333,0,0.0096
10744,6,4,34484.27,60.78,40,16,558.1785,1.5,0,0.0417
10745,12,4,2564.37,2474.01,38,26,1.0361,0.4615,0,0.0273
10746,2,4,158.63,46863.02,32,8,0.0034,3.0,1,0.81
10747,4,3,3943.1,24234.71,35,39,0.1627,-0.1026,0,0.429
10748,14,4,6981.79,3719.21,37,24,1.8767,0.5417,0,0.0095
10749,4,2,287.73,39807.41,43,31,0.0072,0.3871,0,0.289
10750,11,3,8192.74,5500.94,28,13,1.4891,1.1538,0,0.0108
10751,9,2,20737.2,4238.78,48,46,4.8911,0.0435,0,0.0215
10752,10,4,12198.73,1989.93,20,19,6.1272,0.0526,0,0.0465
10753,6,4,9754.26,27825.92,26,40,0.3505,-0.35,0,0.8303
10754,14,2,31226.97,52106.74,26,17,0.5993,0.5294,0,0.0125
10755,6,1,31767.59,4759.46,16,22,6.6732,-0.2727,0,0.286
10756,7,4,17387.86,14585.68,30,47,1.192,-0.3617,0,0.2369
10757,1,3,9358.35,4901.1,43,28,1.909,0.5357,0,0.0424
10758,10,2,6689.71,1331.05,21,22,5.0221,-0.0455,0,0.0242
10759,8,2,134.06,5984.64,4,37,0.0224,-0.8919,0,0.5452
10760,6,4,9320.69,9624.03,44,16,0.9684,1.75,0,0.0174
10761,2,2,45178.99,1575.21,31,45,28.6631,-0.3111,0,0.1438
10762,6,2,17043.04,20462.98,3,7,0.8328,-0.5714,0,0.1605
10763,7,3,4164.32,8254.65,23,27,0.5044,-0.1481,0,0.0676
10764,13,1,1649.3,3204.88,19,9,0.5145,1.1111,0,0.012
10765,11,1,15327.48,10780.22,27,46,1.4217,-0.413,0,0.4917
10766,11,2,13623.35,18915.48,16,47,0.7202,-0.6596,0,0.1584
10767,12,1,34126.67,4763.26,24,20,7.1631,0.2,0,0.0269
10768,7,2,20781.81,14506.87,17,22,1.4325,-0.2273,0,0.4187
10769,9,1,8111.71,6700.44,20,44,1.2104,-0.5455,0,0.5891
10770,8,1,1067.88,39907.9,13,18,0.0268,-0.2778,1,0.8244
10771,14,3,6606.81,17685.26,26,36,0.3736,-0.2778,0,0.9181
10772,6,2,3764.33,5287.22,7,40,0.7118,-0.825,0,0.0461
10773,12,3,7182.77,214.89,45,8,33.2705,4.625,0,0.0484
10774,11,4,3591.09,12858.5,8,30,0.2793,-0.7333,1,0.8309
10775,4,1,19792.2,2645.85,43,33,7.4776,0.303,0,0.5025
10776,11,4,18599.98,1559.65,45,23,11.9181,0.9565,0,0.0098
10777,3,2,3790.16,32219.59,49,49,0.1176,0.0,0,0.4155
10778,10,2,9152.45,118597.21,14,36,0.0772,-0.6111,0,0.653
10779,12,2,5624.36,3774.7,14,28,1.4896,-0.5,0,0.2974
10780,10,4,23979.16,4310.46,47,15,5.5617,2.1333,0,0.0129
10781,4,4,2074.68,2163.72,39,18,0.9584,1.1667,0,0.0123
10782,14,2,11964.29,7342.89,20,18,1.6291,0.1111,0,0.0058
10783,3,2,35191.48,24105.0,11,18,1.4599,-0.3889,0,0.1958
10784,6,4,1927.06,14508.06,10,24,0.1328,-0.5833,0,0.7631
10785,11,2,2256.05,22475.5,42,6,0.1004,6.0,0,0.0461
10786,5,1,11832.66,3112.74,10,8,3.8001,0.25,0,0.071
10787,2,2,15102.89,15732.29,2,17,0.9599,-0.8824,0,0.2558
10788,6,1,6744.22,30089.75,34,13,0.2241,1.6154,1,0.6896
10789,9,3,9408.05,3965.67,14,15,2.3718,-0.0667,0,0.0166
10790,4,4,2391.24,14079.52,22,11,0.1698,1.0,0,0.0987
10791,6,1,6474.36,6143.06,17,36,1.0538,-0.5278,0,0.5726
10792,9,4,1188.64,4113.71,25,48,0.2889,-0.4792,1,0.8547
10793,5,4,3877.56,41929.02,46,36,0.0925,0.2778,0,0.2738
10794,11,3,3351.65,5144.19,19,26,0.6514,-0.2692,1,0.7366
10795,2,2,5881.12,1369.45,25,18,4.2914,0.3889,0,0.0511
10796,8,1,26610.67,5903.83,11,12,4.5066,-0.0833,0,0.077
10797,9,1,1999.98,7123.5,47,33,0.2807,0.4242,0,0.3263
10798,2,1,5131.42,16742.12,36,23,0.3065,0.5652,1,0.7669
10799,3,3,9560.64,35928.23,34,34,0.2661,0.0,0,0.53
10800,2,2,29291.41,20382.97,43,31,1.437,0.3871,0,0.1425
10801,2,4,1428.87,32073.58,8,20,0.0445,-0.6,1,0.9657
10802,8,4,24995.32,7733.66,29,6,3.2316,3.8333,0,0.0247
10803,6,1,845.28,15246.33,37,30,0.0554,0.2333,0,0.3694
10804,12,4,6553.53,4436.25,21,23,1.4769,-0.087,0,0.0186
10805,1,3,6062.17,865.52,40,44,6.996,-0.0909,0,0.0394
10806,5,1,2352.2,5458.52,3,27,0.4308,-0.8889,0,0.7007
10807,2,1,4268.82,14364.57,35,32,0.2972,0.0938,0,0.4811
10808,2,1,6054.39,3852.75,39,16,1.571,1.4375,1,0.7869
10809,14,1,20040.48,23714.47,35,49,0.845,-0.2857,0,0.0724
10810,13,3,31025.19,18772.02,35,43,1.6526,-0.186,0,0.1125
10811,7,4,7317.34,2588.69,5,5,2.8256,0.0,0,0.0145
10812,7,2,20409.89,4820.73,24,14,4.2329,0.7143,0,0.0219
10813,1,2,9369.31,20936.4,39,27,0.4475,0.4444,0,0.2612
10814,3,1,4293.8,3355.58,35,10,1.2792,2.5,0,0.1175
10815,4,3,2159.13,4834.46,5,28,0.4465,-0.8214,1,0.3504
10816,8,2,5329.6,5042.08,15,11,1.0568,0.3636,0,0.0133
10817,13,2,7398.7,19375.94,36,27,0.3818,0.3333,0,0.3713
10818,10,4,454.61,452.8,17,28,1.0018,-0.3929,0,0.3197
10819,3,1,1576.38,919.81,45,6,1.7119,6.5,0,0.1196
10820,12,4,9167.52,10365.85,35,31,0.8843,0.129,0,0.0323
10821,5,4,2548.94,6072.29,32,36,0.4197,-0.1111,1,0.4659
10822,10,1,18160.09,12024.97,43,24,1.5101,0.7917,0,0.0163
10823,1,3,3959.24,3718.5,30,30,1.0645,0.0,0,0.0274
10824,13,4,1107.46,28839.83,11,45,0.0384,-0.7556,1,0.8553
10825,7,2,872.27,17172.58,13,12,0.0508,0.0833,0,0.281
10826,10,1,27665.75,841.8,27,16,32.826,0.6875,0,0.0343
10827,3,3,1255.86,18384.47,11,22,0.0683,-0.5,0,0.691
10828,5,3,1518.81,41912.8,34,45,0.0362,-0.2444,1,0.8324
10829,8,3,19853.4,34258.22,23,5,0.5795,3.6,0,0.0468
10830,4,2,2934.16,15958.23,38,16,0.1839,1.375,0,0.1783
10831,1,4,10964.69,1583.11,13,41,6.9217,-0.6829,0,0.5065
10832,13,4,16967.71,10298.43,37,40,1.6474,-0.075,0,0.0075
10833,6,2,9344.05,4012.8,46,18,2.328,1.5556,0,0.0095
10834,5,2,31579.82,42164.18,4,13,0.749,-0.6923,0,0.0925
10835,14,3,12340.3,15168.31,34,43,0.8135,-0.2093,0,0.0893
10836,1,3,1196.3,11322.88,30,15,0.1056,1.0,0,0.5145
10837,14,4,8173.73,14252.79,38,30,0.5734,0.2667,0,0.0196
10838,3,1,12665.1,6914.6,12,46,1.8314,-0.7391,0,0.1515
10839,4,4,16192.72,5596.67,37,14,2.8928,1.6429,0,0.0056
10840,2,4,266.74,32948.95,31,25,0.0081,0.24,0,0.4376
10841,8,4,12689.7,4840.3,45,9,2.6211,4.0,0,0.0278
10842,11,4,17468.67,507.83,43,44,34.3311,-0.0227,0,0.0295
10843,2,1,13737.09,6146.72,25,21,2.2345,0.1905,0,0.149
10844,14,2,7181.56,18747.24,39,23,0.3831,0.6957,0,0.3676
10845,4,4,6125.28,12545.47,31,19,0.4882,0.6316,0,0.2376
10846,11,2,7972.16,39296.08,35,28,0.2029,0.25,0,0.2446
10847,5,1,12195.73,1347.3,37,40,9.0453,-0.075,0,0.339
10848,11,2,25628.37,29103.31,44,35,0.8806,0.2571,0,0.0095
10849,2,1,9598.12,5522.53,18,8,1.7377,1.25,0,0.7674
10850,8,1,21877.78,7709.51,22,15,2.8374,0.4667,0,0.0182
10851,5,4,12081.71,6713.51,35,37,1.7993,-0.0541,0,0.0462
10852,1,1,707.83,1485.72,5,26,0.4761,-0.8077,1,0.9673
10853,11,3,6948.05,3416.98,33,46,2.0328,-0.2826,0,0.3361
10854,3,2,3375.54,16270.19,47,38,0.2075,0.2368,0,0.3683
10855,13,4,3357.17,279.32,38,23,11.9762,0.6522,0,0.0088
10856,11,3,4399.44,1724.89,10,38,2.5491,-0.7368,0,0.1096
10857,8,2,3779.46,306.4,26,17,12.2949,0.5294,0,0.0141
10858,5,3,8641.96,23371.54,27,7,0.3697,2.8571,0,0.409
10859,1,4,11507.53,11526.83,27,30,0.9982,-0.1,0,0.0397
10860,3,2,3129.99,2234.92,39,47,1.3999,-0.1702,0,0.0729
10861,7,2,1389.89,17572.22,12,35,0.0791,-0.6571,1,0.5994
10862,10,1,606.09,40862.68,34,33,0.0148,0.0303,0,0.2227
10863,3,3,8574.39,32719.53,5,46,0.262,-0.8913,1,0.5494
10864,5,3,2059.55,30543.15,23,22,0.0674,0.0455,0,0.588
10865,13,2,92.91,94.09,42,19,0.9771,1.2105,0,0.0069
10866,10,3,26276.66,10670.34,15,18,2.4624,-0.1667,0,0.0124
10867,10,2,7703.32,3558.78,34,38,2.164,-0.1053,0,0.0126
10868,13,2,970.05,9979.18,44,27,0.0972,0.6296,0,0.5099
10869,6,1,18510.07,4593.24,7,29,4.029,-0.7586,0,0.2231
10870,5,2,40865.39,2002.1,23,35,20.4011,-0.3429,0,0.3873
10871,11,3,5952.96,7054.5,42,15,0.8437,1.8,0,0.012
10872,5,4,434.19,8200.65,15,8,0.0529,0.875,0,0.1961
10873,10,1,1250.49,54983.9,29,36,0.0227,-0.1944,1,0.8522
10874,11,4,4807.07,519.75,36,37,9.2311,-0.027,0,0.0126
10875,13,2,21673.78,4299.92,2,18,5.0393,-0.8889,0,0.1293
10876,9,1,1602.14,22917.91,46,44,0.0699,0.0455,0,0.3567
10877,2,1,17372.15,12934.97,41,5,1.3429,7.2,0,0.6929
10878,6,2,150.9,21031.6,49,29,0.0072,0.6897,0,0.2741
10879,8,3,6113.62,12955.99,19,25,0.4718,-0.24,1,0.9065
10880,1,2,10339.41,17102.23,34,48,0.6045,-0.2917,0,0.3378
10881,11,2,622.79,8149.08,34,46,0.0764,-0.2609,0,0.7551
10882,2,2,9538.96,2751.11,13,31,3.4661,-0.5806,1,0.6451
10883,11,2,28896.46,19929.02,44,32,1.4499,0.375,0,0.0074
10884,4,2,1746.63,10066.98,8,28,0.1735,-0.7143,1,0.7652
10885,10,3,13078.95,1802.97,20,31,7.2501,-0.3548,0,0.2196
10886,3,1,9392.88,19610.55,35,14,0.4789,1.5,0,0.3154
10887,9,3,2047.1,38209.61,7,38,0.0536,-0.8158,0,0.5568
10888,3,2,62.23,5098.78,19,31,0.0122,-0.3871,1,0.7742
10889,5,1,93.28,4169.39,12,46,0.0224,-0.7391,0,0.6015
10890,13,1,7594.84,1023.76,14,36,7.4113,-0.6111,0,0.1723
10891,9,1,28608.41,13105.29,43,45,2.1828,-0.0444,0,0.0326
10892,3,4,10336.64,38318.97,19,36,0.2697,-0.4722,1,0.8432
10893,10,3,12528.12,1754.09,33,13,7.1382,1.5385,0,0.0159
10894,9,3,6809.53,7966.78,5,41,0.8546,-0.878,0,0.0431
10895,8,3,8720.08,1240.86,42,22,7.0218,0.9091,0,0.024
10896,11,2,1350.96,416.46,36,35,3.2361,0.0286,0,0.0093
10897,12,3,20941.14,13105.64,44,6,1.5978,6.3333,0,0.0096
10898,13,4,14304.24,24271.04,32,34,0.5893,-0.0588,0,0.0164
10899,9,4,63193.87,4942.09,8,21,12.7843,-0.619,0,0.1927
10900,3,3,3534.27,25026.98,2,25,0.1412,-0.92,1,0.4675
10901,4,4,2574.99,1493.88,6,13,1.7225,-0.5385,0,0.1678
10902,13,3,1337.16,3261.09,6,41,0.4099,-0.8537,0,0.3855
10903,4,4,33300.8,27825.39,46,34,1.1967,0.3529,0,0.0273
10904,14,1,15181.59,8523.76,2,48,1.7809,-0.9583,0,0.0322
10905,7,1,1819.11,11243.81,37,49,0.1618,-0.2449,0,0.7946
10906,1,2,8044.96,465.12,24,20,17.2594,0.2,0,0.0447
10907,11,1,5340.4,1648.96,32,18,3.2367,0.7778,0,0.0065
10908,4,2,1642.69,688.89,41,30,2.3811,0.3667,0,0.0118
10909,7,1,1768.24,28246.63,31,42,0.0626,-0.2619,0,0.6732
10910,12,4,33096.21,1737.47,24,21,19.0376,0.1429,0,0.0264
10911,4,2,3637.92,22739.29,25,16,0.16,0.5625,0,0.1832
10912,10,4,28376.91,5188.51,28,7,5.4681,3.0,0,0.0049
10913,7,4,786.22,19349.16,13,38,0.0406,-0.6579,0,0.5141
10914,4,2,6176.74,5450.39,4,33,1.1331,-0.8788,0,0.053
10915,3,1,1388.24,3738.52,23,31,0.3712,-0.2581,1,0.8638
10916,3,1,47.99,1180.1,14,46,0.0406,-0.6957,0,0.4265
10917,3,4,8069.12,3953.83,18,6,2.0403,2.0,0,0.0193
10918,7,3,1209.19,7652.09,4,31,0.158,-0.871,0,0.4829
10919,5,3,12802.22,20412.64,29,13,0.6271,1.2308,0,0.0569
10920,12,2,11977.14,7229.04,14,24,1.6566,-0.4167,0,0.3021
10921,7,4,1939.89,42667.12,43,32,0.0455,0.3438,0,0.2126
10922,1,2,28428.76,9361.02,37,40,3.0366,-0.075,0,0.0219
10923,5,2,12766.99,303.14,2,27,41.9773,-0.9259,1,0.8106
10924,14,1,3537.8,6441.26,15,30,0.5492,-0.5,0,0.0968
10925,10,1,12352.36,14011.66,39,29,0.8815,0.3448,0,0.0196
10926,3,4,13165.08,3203.45,20,49,4.1084,-0.5918,1,0.1597
10927,2,3,4188.94,14393.0,37,25,0.291,0.48,1,0.8358
10928,13,1,4709.46,8406.83,12,41,0.5601,-0.7073,0,0.109
10929,7,2,4448.92,312.9,21,29,14.173,-0.2759,0,0.1427
10930,2,3,9587.25,17865.4,46,35,0.5366,0.3143,0,0.1661
10931,8,1,23066.95,9861.96,29,17,2.3387,0.7059,0,0.0199
10932,13,2,1901.84,1033.15,11,47,1.839,-0.766,0,0.0331
10933,6,1,20810.4,7737.18,40,33,2.6893,0.2121,0,0.021
10934,7,1,280.43,4064.22,14,9,0.069,0.5556,0,0.3316
10935,2,1,10798.06,25411.36,49,6,0.4249,7.1667,1,0.7827
10936,11,2,5351.85,4024.45,40,10,1.3295,3.0,0,0.0034
10937,7,2,15667.69,34103.18,40,49,0.4594,-0.1837,0,0.8757
10938,14,1,12772.54,9479.41,7,26,1.3473,-0.7308,0,0.0755
10939,7,2,6541.34,4691.89,24,29,1.3939,-0.1724,0,0.0499
10940,7,1,10324.43,20154.79,14,13,0.5122,0.0769,0,0.0401
10941,7,4,6967.0,14344.14,4,49,0.4857,-0.9184,0,0.1759
10942,12,3,16687.55,6412.46,2,35,2.602,-0.9429,0,0.0374
10943,3,2,6464.24,11918.65,26,37,0.5423,-0.2973,0,0.362
10944,6,1,7405.66,18092.56,44,26,0.4093,0.6923,0,0.2807
10945,3,1,2883.76,22890.72,31,8,0.126,2.875,0,0.2042
10946,3,4,9289.78,20340.78,30,25,0.4567,0.2,0,0.4404
10947,4,1,3608.33,2179.37,34,22,1.6549,0.5455,0,0.0538
10948,3,3,8610.55,21150.34,6,22,0.4071,-0.7273,0,0.516
10949,13,2,1859.42,725.02,10,16,2.5611,-0.375,0,0.0585
10950,14,4,1737.22,2680.28,20,23,0.6479,-0.1304,0,0.0168
10951,10,1,5396.19,11703.79,47,40,0.461,0.175,0,0.2152
10952,4,1,5565.55,1461.84,30,26,3.8046,0.1538,0,0.0808
10953,9,1,3121.24,11096.34,9,48,0.2813,-0.8125,1,0.9433
10954,6,4,1410.99,4417.44,10,39,0.3193,-0.7436,1,0.8071
10955,5,2,400.0,6734.2,18,38,0.0594,-0.5263,0,0.7254
10956,6,3,255.56,4542.69,24,14,0.0562,0.7143,1,0.6394
10957,12,3,3168.37,873.09,44,32,3.6248,0.375,0,0.0091
10958,2,1,6196.24,8335.99,17,28,0.7432,-0.3929,1,0.9341
10959,12,1,12955.15,39758.05,22,46,0.3258,-0.5217,1,0.9706
10960,13,2,6441.13,11354.3,23,41,0.5672,-0.439,0,0.1334
10961,13,1,23439.37,4280.65,25,38,5.4744,-0.3421,0,0.2176
10962,6,3,358.55,37523.72,35,16,0.0096,1.1875,0,0.437
10963,9,2,1992.57,5916.56,4,13,0.3367,-0.6923,0,0.7872
10964,3,4,4132.67,14348.79,28,48,0.288,-0.4167,1,0.8785
10965,10,4,8615.57,12065.16,13,34,0.714,-0.6176,0,0.1855
10966,14,2,19155.29,36668.55,26,38,0.5224,-0.3158,0,0.1693
10967,13,1,4310.94,29525.29,17,19,0.146,-0.1053,0,0.4102
10968,13,3,3119.59,1922.08,49,35,1.6222,0.4,0,0.0098
10969,10,2,638.87,1074.97,27,36,0.5938,-0.25,1,0.613
10970,6,2,17220.66,19906.21,7,28,0.865,-0.75,0,0.0846
10971,7,1,4774.98,28239.37,24,48,0.1691,-0.5,0,0.7776
10972,5,3,8475.82,8150.31,36,26,1.0398,0.3846,0,0.0279
10973,1,3,41077.59,14083.7,31,7,2.9165,3.4286,0,0.0631
10974,9,4,15.96,868.12,14,31,0.0184,-0.5484,1,0.5862
10975,11,4,1571.8,2978.53,46,41,0.5275,0.122,0,0.0364
10976,6,2,15100.95,1941.42,22,14,7.7743,0.5714,0,0.0167
10977,6,3,16354.1,11030.36,48,6,1.4825,7.0,0,0.0288
10978,6,1,14664.08,2640.88,35,8,5.5506,3.375,0,0.0528
10979,12,1,7700.26,740.54,13,22,10.3841,-0.4091,0,0.3145
10980,2,2,38564.45,4318.0,48,6,8.929,7.0,1,0.8185
10981,1,2,5044.87,13569.13,32,35,0.3718,-0.0857,0,0.1544
10982,1,3,9211.62,10349.13,48,39,0.89,0.2308,0,0.0239
10983,1,1,654.66,4818.72,13,38,0.1358,-0.6579,1,0.9836
10984,1,4,5273.91,21511.6,8,15,0.2452,-0.4667,0,0.9428
10985,11,4,12819.35,3880.03,33,11,3.3031,2.0,0,0.0059
10986,13,4,2727.79,3622.15,36,10,0.7529,2.6,0,0.0055
10987,14,3,28793.3,9850.33,43,47,2.9228,-0.0851,0,0.0056
10988,1,3,11608.6,7806.01,23,11,1.4869,1.0909,0,0.0572
10989,14,2,3390.81,7086.49,12,46,0.4784,-0.7391,1,0.5219
10990,11,1,14653.33,2032.19,29,43,7.2071,-0.3256,0,0.3466
10991,8,4,868.28,8429.8,19,10,0.103,0.9,0,0.324
10992,7,1,36798.97,3597.36,40,35,10.2266,0.1429,0,0.0383
10993,4,3,505.41,5974.52,8,13,0.0846,-0.3846,1,0.869
10994,6,1,27098.9,15871.74,13,22,1.7073,-0.4091,1,0.5024
10995,5,4,2914.95,33149.35,31,27,0.0879,0.1481,0,0.2738
10996,4,1,14180.91,17839.37,15,8,0.7949,0.875,0,0.0649
10997,5,4,0.74,6243.12,48,20,0.0001,1.4,0,0.2081
10998,6,3,2933.52,10788.28,21,43,0.2719,-0.5116,1,0.8947
10999,13,2,13827.03,16468.59,9,35,0.8395,-0.7429,0,0.0316
11000,13,4,7600.05,6417.75,18,11,1.184,0.6364,0,0.0097
